{"cameraMode":{"drawMode":0,"name":"Shaded","section":"Shading Mode"},"sceneLighting":false,"audioPlay":false,"sceneViewState":{"showFog":true,"showMaterialUpdate":false,"showSkybox":false,"showFlares":true,"showImageEffects":true,"showParticleSystems":true},"in2DMode":false,"pivot":{"x":1.1188547611236573,"y":-1.9267934560775757,"z":-12.355169296264649},"rotation":{"x":0.1562274545431137,"y":0.019264524802565576,"z":-0.0030759843066334726,"w":0.9875492453575134},"size":11.71319580078125,"orthographic":false}